url,id,updated_at,created_at,title,lat,lon,regione,provincia,labels,milestone,image,data,body,state
https://github.com/emergenzeHack/covid19pt_issues/issues/43,602283838,2020-04-17 23:27:05,2020-04-17 23:25:08,Biblioteca Municipal de #Machico entrega livros ao domicílio #Madeira,32.718538,-16.767282,,,"[""accepted"", ""cultural activities and leisure"", ""deliveries and services"", ""entrega"", ""form"", ""public solidarity services and initiatives"", ""solidarity initiatives""]",,,"{""Destinatarios"": ""Popula\u00e7\u00e3o de Machico"", ""Link"": ""https://www.cm-machico.pt/index.php/pages/news/43"", ""Notas_Legais"": ""OK"", ""O_que"": ""A partir de segunda-feira, dia 6 de abril, a Biblioteca Municipal de Machico - Francisco \u00c1lvares de N\u00f3brega passar\u00e1 a disponibilizar \u00e0 popula\u00e7\u00e3o um servi\u00e7o de requisi\u00e7\u00e3o de livros a partir de sua casa. Pensada pela C\u00e2mara Municipal de Machico, a iniciativa visa que nesta fase de isolamento social se continue a manter os h\u00e1bitos de leitura, ocupando assim os tempos livros, mas tamb\u00e9m auxiliar os estudantes que necessitem de aceder \u00e0 bibliografia solicitada pelos docentes para realizarem os seus trabalhos.\nImporta referir que a bibliografia solicitada ir\u00e1 chegar ao domic\u00edlio de cada um pelas m\u00e3os de uma equipa de volunt\u00e1rios. Para tal, os interessados dever\u00e3o preencher um formul\u00e1rio de requisi\u00e7\u00e3o, presente no seguinte link: https://docs.google.com/\u2026/1FAIpQLSfan0wPsSR2NalJF\u2026/viewform\u2026\n\nPara as pessoas que n\u00e3o t\u00eam aceso \u00e0 internet, a C\u00e2mara Municipal de Machico informa ainda que poder\u00e3o ligar para o 291969997 e realizar o seu pedido via telef\u00f3nica."", ""Oferente"": ""entrega livros ao domic\u00edlio"", ""Tipo_de_iniciativa"": ""cultural-recre"", ""Titulo"": ""Biblioteca Municipal de Machico entrega livros ao domic\u00edlio"", ""location"": ""32.718538 -16.767282 0 0""}","<pre><yamldata>
Destinatarios: População de Machico
Link: https://www.cm-machico.pt/index.php/pages/news/43
Notas_Legais: OK
O_que: 'A partir de segunda-feira, dia 6 de abril, a Biblioteca Municipal de Machico
  - Francisco Álvares de Nóbrega passará a disponibilizar à população um serviço de
  requisição de livros a partir de sua casa. Pensada pela Câmara Municipal de Machico,
  a iniciativa visa que nesta fase de isolamento social se continue a manter os hábitos
  de leitura, ocupando assim os tempos livros, mas também auxiliar os estudantes que
  necessitem de aceder à bibliografia solicitada pelos docentes para realizarem os
  seus trabalhos.

  Importa referir que a bibliografia solicitada irá chegar ao domicílio de cada um
  pelas mãos de uma equipa de voluntários. Para tal, os interessados deverão preencher
  um formulário de requisição, presente no seguinte link: https://docs.google.com/…/1FAIpQLSfan0wPsSR2NalJF…/viewform…


  Para as pessoas que não têm aceso à internet, a Câmara Municipal de Machico informa
  ainda que poderão ligar para o 291969997 e realizar o seu pedido via telefónica.'
Oferente: entrega livros ao domicílio
Tipo_de_iniciativa: cultural-recre
Titulo: Biblioteca Municipal de Machico entrega livros ao domicílio
location: 32.718538 -16.767282 0 0
</yamldata></pre>",open
https://github.com/emergenzeHack/covid19pt_issues/issues/42,602272141,2020-04-17 22:49:03,2020-04-17 22:45:32,Câmara Municipal de #Machico #Madeira - Linha de apoio 910 831 413,32.718647,-16.765319,,,"[""accepted"", ""deliveries and services"", ""entrega"", ""form"", ""institutional sources"", ""public solidarity services and initiatives"", ""useful contacts""]",,,"{""Finalidade"": ""Apoio aos idosos do Concelho de Machico \n\nLinha de apoio para responder \u00e0s dificuldades da popula\u00e7\u00e3o idosa do Concelho (+65 anos), que se encontra em isolamento social devido ao Covid-19, para levar ao domic\u00edlio destas pessoas os medicamentos e os bens alimentares que necessitem. \n\nPoder\u00e3o usufruir desta ajuda social os mun\u00edcipes com mais de 65 anos, doentes cr\u00f3nicos e os benefici\u00e1rios do Cart\u00e3o Abem - Rede Nacional do Medicamento. \n\nPara efetuar o pedido \u00e9 necess\u00e1rio contatar a linha de apoio 910 831 413 \n\n\nApoio social alimentar \u00e0s crian\u00e7as do Concelho de Machico \n\nLinha de Apoio Social Alimentar dirigida \u00e0s crian\u00e7as do concelho,  atrav\u00e9s do fornecimento de uma refei\u00e7\u00e3o quente di\u00e1ria, mediante solicita\u00e7\u00e3o das fam\u00edlias mais carenciadas com crian\u00e7as em idade escolar, benefici\u00e1rias do 1\u00b0 escal\u00e3o de a\u00e7\u00e3o social do pr\u00e9-escolar e 1\u00b0 ciclo do ensino b\u00e1sico. \n\nAs fam\u00edlias que necessitem deste apoio dever\u00e3o ligar para a linha de apoio 910 831 413, indicando o nome completo do aluno e do encarregado de educa\u00e7\u00e3o, contacto telef\u00f3nico, bem como a escola que frequenta e a morada. \n\n\nCartazes em anexo referentes a estas medidas de apoio. \n\nSolicita-se a melhor divulga\u00e7\u00e3o desta informa\u00e7\u00e3o, para ajudar o maior n\u00famero de pessoas."", ""Link"": ""https://www.cm-machico.pt/index.php/pages/news/42"", ""Nome"": ""C\u00e2mara Municipal de Machico - Linha de apoio"", ""Notas_Legais"": ""OK"", ""Telefone"": ""910 831 413"", ""location"": ""32.718647 -16.765319 0 0""}","<pre><yamldata>
Finalidade: ""Apoio aos idosos do Concelho de Machico \n\nLinha de apoio para responder\
  \ às dificuldades da população idosa do Concelho (+65 anos), que se encontra em\
  \ isolamento social devido ao Covid-19, para levar ao domicílio destas pessoas os\
  \ medicamentos e os bens alimentares que necessitem. \n\nPoderão usufruir desta\
  \ ajuda social os munícipes com mais de 65 anos, doentes crónicos e os beneficiários\
  \ do Cartão Abem - Rede Nacional do Medicamento. \n\nPara efetuar o pedido é necessário\
  \ contatar a linha de apoio 910 831 413 \n\n\nApoio social alimentar às crianças\
  \ do Concelho de Machico \n\nLinha de Apoio Social Alimentar dirigida às crianças\
  \ do concelho,  através do fornecimento de uma refeição quente diária, mediante\
  \ solicitação das famílias mais carenciadas com crianças em idade escolar, beneficiárias\
  \ do 1° escalão de ação social do pré-escolar e 1° ciclo do ensino básico. \n\n\
  As famílias que necessitem deste apoio deverão ligar para a linha de apoio 910 831\
  \ 413, indicando o nome completo do aluno e do encarregado de educação, contacto\
  \ telefónico, bem como a escola que frequenta e a morada. \n\n\nCartazes em anexo\
  \ referentes a estas medidas de apoio. \n\nSolicita-se a melhor divulgação desta\
  \ informação, para ajudar o maior número de pessoas.""
Link: https://www.cm-machico.pt/index.php/pages/news/42
Nome: Câmara Municipal de Machico - Linha de apoio
Notas_Legais: OK
Telefone: 910 831 413
location: 32.718647 -16.765319 0 0
</yamldata></pre>",open
https://github.com/emergenzeHack/covid19pt_issues/issues/41,601576423,2020-04-16 23:11:21,2020-04-16 23:09:01,Câmara Municipal de Câmara de Lobos,32.649358,-16.979354,,,"[""accepted"", ""donations"", ""e-learning"", ""form"", ""institutional sources"", ""support request""]",,,"{""Descricao"": ""A C\u00e2mara Municipal de C\u00e2mara de Lobos lan\u00e7ou um apelo para a doa\u00e7\u00e3o de computadores que as pessoas possam ter em casa sem uso. Este pedido vem na sequ\u00eancia do levantamento feito pela Delega\u00e7\u00e3o Escolar de C\u00e2mara de Lobos, que constatou que um n\u00famero significativo de alunos n\u00e3o t\u00eam acesso a estes equipamentos, essenciais para acompanhar o decorrer das atividades letivas, uma vez que as aulas presenciais est\u00e3o suspensas.\n\nOs equipamentos poder\u00e3o ser entregues na Biblioteca Municipal de C\u00e2mara de Lobos, a partir de amanh\u00e3 dia 7 de abril (ter\u00e7a feira) das 10h00\u00e0s 16h00. Em alternativa, empresas e privados poder\u00e3o enviar email para geral@cm-camaradelobos.pt e a autarquia proceder\u00e1 \u00e0 recolha dos equipamentos Os mesmos ser\u00e3o recondicionados e entregues aos alunos."", ""Destinatarios"": ""alunos do concelho"", ""Email"": ""geral@cm-camaradelobos.pt"", ""Link"": ""https://www.facebook.com/municipiodecamaradelobos/photos/a.541842429230829/2907749369306778/?type=3&theater"", ""Nome"": ""C\u00e2mara Municipal de C\u00e2mara de Lobos"", ""Notas_Legais"": ""OK"", ""O_que"": ""Computadores"", ""location"": ""32.649358 -16.979354 0 0""}","<pre><yamldata>
Descricao: 'A Câmara Municipal de Câmara de Lobos lançou um apelo para a doação de
  computadores que as pessoas possam ter em casa sem uso. Este pedido vem na sequência
  do levantamento feito pela Delegação Escolar de Câmara de Lobos, que constatou que
  um número significativo de alunos não têm acesso a estes equipamentos, essenciais
  para acompanhar o decorrer das atividades letivas, uma vez que as aulas presenciais
  estão suspensas.


  Os equipamentos poderão ser entregues na Biblioteca Municipal de Câmara de Lobos,
  a partir de amanhã dia 7 de abril (terça feira) das 10h00às 16h00. Em alternativa,
  empresas e privados poderão enviar email para geral@cm-camaradelobos.pt e a autarquia
  procederá à recolha dos equipamentos Os mesmos serão recondicionados e entregues
  aos alunos.'
Destinatarios: alunos do concelho
Email: geral@cm-camaradelobos.pt
Link: https://www.facebook.com/municipiodecamaradelobos/photos/a.541842429230829/2907749369306778/?type=3&theater
Nome: Câmara Municipal de Câmara de Lobos
Notas_Legais: OK
O_que: Computadores
location: 32.649358 -16.979354 0 0
</yamldata></pre>",open
https://github.com/emergenzeHack/covid19pt_issues/issues/40,601562649,2020-04-16 22:54:38,2020-04-16 22:47:52,#SESARAM #MADEIRA Contactos Úteis COVID 19,32.64836,-16.924294,,,"[""accepted"", ""form"", ""institutional sources"", ""useful contacts""]",,,"{""Finalidade"": ""Linha de Apoio ao Cidad\u00e3o: 291 705 763 (10h-16h) 961 186 549 (24h)\n     Hospital Dr. N\u00e9lio Mendon\u00e7a: 291 705 600\n     Hospital dos Marmeleiros: 291 705 730\n     Hospital Dr. Jo\u00e3o de Almada: 291 780 300\n\nLinha de Apoio \u00e0 Crian\u00e7a: 969 319 732 (24h)\n\nCentro de Desenvolvimento da Crian\u00e7a: 969 319 528 (09h-17h)\n\nFarm\u00e1cia Hospitalar: 291 705 613 (08h-18h, de segunda a sexta)\n\nOutros Contactos \u00fateis: Hospitais\n\nCENTROS DE SA\u00daDE COM ATENDIMENTO PRESENCIAL\n\nRibeira Brava: 291 950 200 (24h) |  969 377 112 (Atendimento m\u00e9dico 08h-20h) | 969 320 975 (atendimento m\u00e9dico 20h-08h)\nMachico: 291 969 132 (24h) | 969 380 433 (pr\u00e9-triagem 24h)\nBom Jesus: 291 208 745 | 969 377 014 (08h-20h) | 961 186 549 (24h)\n\nSRS24 . COVID: 800 24 24 20"", ""Link"": ""https://www.sesaram.pt/index.php?option=com_content&view=article&id=3466&Itemid=433"", ""Nome"": ""#SESARAM #MADEIRA CONTACTOS \u00daTEIS COVID 19"", ""Notas_Legais"": ""OK"", ""location"": ""32.64836 -16.924294 0 0""}","<pre><yamldata>
Finalidade: ""Linha de Apoio ao Cidadão: 291 705 763 (10h-16h) 961 186 549 (24h)\n\
  \     Hospital Dr. Nélio Mendonça: 291 705 600\n     Hospital dos Marmeleiros: 291\
  \ 705 730\n     Hospital Dr. João de Almada: 291 780 300\n\nLinha de Apoio à Criança:\
  \ 969 319 732 (24h)\n\nCentro de Desenvolvimento da Criança: 969 319 528 (09h-17h)\n\
  \nFarmácia Hospitalar: 291 705 613 (08h-18h, de segunda a sexta)\n\nOutros Contactos\
  \ úteis: Hospitais\n\nCENTROS DE SAÚDE COM ATENDIMENTO PRESENCIAL\n\nRibeira Brava:\
  \ 291 950 200 (24h) |  969 377 112 (Atendimento médico 08h-20h) | 969 320 975 (atendimento\
  \ médico 20h-08h)\nMachico: 291 969 132 (24h) | 969 380 433 (pré-triagem 24h)\n\
  Bom Jesus: 291 208 745 | 969 377 014 (08h-20h) | 961 186 549 (24h)\n\nSRS24 . COVID:\
  \ 800 24 24 20""
Link: https://www.sesaram.pt/index.php?option=com_content&view=article&id=3466&Itemid=433
Nome: '#SESARAM #MADEIRA CONTACTOS ÚTEIS COVID 19'
Notas_Legais: OK
location: 32.64836 -16.924294 0 0
</yamldata></pre>",open
https://github.com/emergenzeHack/covid19pt_issues/issues/39,601553325,2020-04-16 22:52:59,2020-04-16 22:34:32,SOSvizinho - projeto online para organizar uma rede de apoio a grupos de risco #Portugal,,,,,"[""Missing position"", ""accepted"", ""bulletin"", ""form"", ""private solidarity services and initiatives"", ""useful contacts"", ""useful data""]",,,"{""Finalidade"": ""O SOSvizinho \u00e9 um projeto que juntou at\u00e9 agora mais de uma centena de especialistas de v\u00e1rias \u00e1reas e zonas do pa\u00eds, para organizar uma rede de apoio a grupos de risco que neste momento se devem encontrar em isolamento social. O projeto surgiu online, organizou-se remotamente e lan\u00e7ou-se em 48 horas.\n\nO objetivo \u00e9 ajudar a sinalizar os grupos/doentes de risco de cada regi\u00e3o e criar uma rede de distribui\u00e7\u00e3o, atrav\u00e9s de volunt\u00e1rios que se inscrevem online. O SOSvizinho pretende, assim, fazer chegar a estas pessoas os bens essenciais que necessitam, evitando que saiam das suas casas e, consequentemente, estejam mais expostas."", ""Link"": ""https://sosvizinho.pt/"", ""Nome"": ""SOSvizinho"", ""Notas_Legais"": ""OK""}","<pre><yamldata>
Finalidade: 'O SOSvizinho é um projeto que juntou até agora mais de uma centena de
  especialistas de várias áreas e zonas do país, para organizar uma rede de apoio
  a grupos de risco que neste momento se devem encontrar em isolamento social. O projeto
  surgiu online, organizou-se remotamente e lançou-se em 48 horas.


  O objetivo é ajudar a sinalizar os grupos/doentes de risco de cada região e criar
  uma rede de distribuição, através de voluntários que se inscrevem online. O SOSvizinho
  pretende, assim, fazer chegar a estas pessoas os bens essenciais que necessitam,
  evitando que saiam das suas casas e, consequentemente, estejam mais expostas.'
Link: https://sosvizinho.pt/
Nome: SOSvizinho
Notas_Legais: OK
</yamldata></pre>",open
https://github.com/emergenzeHack/covid19pt_issues/issues/38,601546715,2020-04-16 22:50:54,2020-04-16 22:25:19,#EstamosON guia prático com toda a informação no combate aos efeitos causados pelo COVID-19,,,,,"[""Missing position"", ""accepted"", ""bulletin"", ""form"", ""useful contacts"", ""useful data"", ""useful news""]",,,"{""Finalidade"": ""Este site pretende ser um guia pr\u00e1tico para apoiar cidad\u00e3os, fam\u00edlias e empresas no combate aos efeitos causados pelo novo coronav\u00edrus e a COVID-19. Aqui poder\u00e1 encontrar toda a informa\u00e7\u00e3o e conhecer os apoios a que tem direito.\n\nConsulte as boas pr\u00e1ticas e as recomenda\u00e7\u00f5es das autoridades de Sa\u00fade, conhe\u00e7a os melhores conselhos para trabalhar a partir de casa e saiba como recorrer aos servi\u00e7os p\u00fablicos sem ter de se deslocar.\n\nPoder\u00e1 ainda ficar a conhecer as medidas excecionais adotadas pelo Governo em cada \u00e1rea governativa e acompanhar as evolu\u00e7\u00f5es do estado epidemiol\u00f3gico do Pa\u00eds. Est\u00e1 tamb\u00e9m dispon\u00edvel para consulta a legisla\u00e7\u00e3o especificamente aprovada, bem como as diferentes comunica\u00e7\u00f5es do Governo nesta mat\u00e9ria.\n\nAl\u00e9m destas informa\u00e7\u00f5es, pode aceder \u00e0 lista completa dos contactos de emerg\u00eancia criados pelos diversos servi\u00e7os p\u00fablicos para que, de forma simples e eficiente, encontre a resposta que procura.\n\nEste site foi constru\u00eddo com o apoio dos volunt\u00e1rios da VOST Portugal."", ""Link"": ""https://covid19estamoson.gov.pt/#"", ""Nome"": ""#EstamosON"", ""Notas_Legais"": ""OK""}","<pre><yamldata>
Finalidade: 'Este site pretende ser um guia prático para apoiar cidadãos, famílias
  e empresas no combate aos efeitos causados pelo novo coronavírus e a COVID-19. Aqui
  poderá encontrar toda a informação e conhecer os apoios a que tem direito.


  Consulte as boas práticas e as recomendações das autoridades de Saúde, conheça os
  melhores conselhos para trabalhar a partir de casa e saiba como recorrer aos serviços
  públicos sem ter de se deslocar.


  Poderá ainda ficar a conhecer as medidas excecionais adotadas pelo Governo em cada
  área governativa e acompanhar as evoluções do estado epidemiológico do País. Está
  também disponível para consulta a legislação especificamente aprovada, bem como
  as diferentes comunicações do Governo nesta matéria.


  Além destas informações, pode aceder à lista completa dos contactos de emergência
  criados pelos diversos serviços públicos para que, de forma simples e eficiente,
  encontre a resposta que procura.


  Este site foi construído com o apoio dos voluntários da VOST Portugal.'
Link: https://covid19estamoson.gov.pt/#
Nome: '#EstamosON'
Notas_Legais: OK
</yamldata></pre>",open
https://github.com/emergenzeHack/covid19pt_issues/issues/36,598021085,2020-04-10 18:16:26,2020-04-10 18:12:47,"Mercado em casa: entrega de bens essenciais como fruta e legumes, idosos e pessoas com deficiência  #Funchal #Madeira",32.650296,-16.908027,,,"[""accepted"", ""deliveries and services"", ""entrega"", ""form"", ""public solidarity services and initiatives""]",,,"{""Email"": ""mercadoemcasa@cm-funchal.pt"", ""Link"": ""http://www.cm-funchal.pt/pt/not%C3%ADciaspt/7094-cmf-leva-fruta-e-legumes-do-mercado-a-casa-de-pessoas-com-defici%C3%AAncia.html"", ""Nome_do_negocio"": ""C\u00e2mara Municipal do Funchal e comerciantes dos Mercados Municipais"", ""Notas_Legais"": ""OK"", ""O_que"": ""A C\u00e2mara Municipal do Funchal alarga, a partir desta semana, o \u201cMercado em Casa\u201d a pessoas com defici\u00eancia ou incapacidade. A iniciativa foi criada com o intuito de combater o isolamento dos idosos do concelho, assegurando a entrega de bens essenciais como fruta e legumes, com recurso \u00e0 frota de viaturas municipal, mas chegar\u00e1 agora a ainda mais fam\u00edlias que dela necessitem, promovendo a inclus\u00e3o das pessoas com defici\u00eancia.\n\nS\u00e3o abrangidos por este servi\u00e7o de entregas gratuitas os idosos residentes no concelho do Funchal (a partir dos 65 anos), as pessoas com defici\u00eancia ou incapacidade de qualquer idade, e os agregados familiares onde estes estejam inseridos. As encomendas podem ser feitas de segunda-feira a s\u00e1bado (nesta semana da P\u00e1scoa s\u00f3 at\u00e9 quinta-feira) pelo telefone 291 214 083, no per\u00edodo das 9h \u00e0s 12h, ou atrav\u00e9s do email mercadoemcasa@cm-funchal.pt, por exemplo, no caso da encomenda ser feita por terceiros. No ato da encomenda, quem fizer o pedido tem de indicar nome completo, idade, morada exata, contacto telef\u00f3nico e NIF.\n\nAs entregas s\u00e3o feitas diariamente, por ordem de chegada, at\u00e9 \u00e0s 13h, e ainda que tal fique sujeito ao n\u00famero de pedidos, tem sido poss\u00edvel entregar as encomendas em casa das pessoas no pr\u00f3prio dia. O fornecimento dos produtos \u00e9 assegurado pelos comerciantes no ativo, de forma rotativa."", ""Telefone"": ""291 214 083"", ""location"": ""32.650296 -16.908027 0 0""}","<pre><yamldata>
Email: mercadoemcasa@cm-funchal.pt
Link: http://www.cm-funchal.pt/pt/not%C3%ADciaspt/7094-cmf-leva-fruta-e-legumes-do-mercado-a-casa-de-pessoas-com-defici%C3%AAncia.html
Nome_do_negocio: Câmara Municipal do Funchal e comerciantes dos Mercados Municipais
Notas_Legais: OK
O_que: 'A Câmara Municipal do Funchal alarga, a partir desta semana, o “Mercado em
  Casa” a pessoas com deficiência ou incapacidade. A iniciativa foi criada com o intuito
  de combater o isolamento dos idosos do concelho, assegurando a entrega de bens essenciais
  como fruta e legumes, com recurso à frota de viaturas municipal, mas chegará agora
  a ainda mais famílias que dela necessitem, promovendo a inclusão das pessoas com
  deficiência.


  São abrangidos por este serviço de entregas gratuitas os idosos residentes no concelho
  do Funchal (a partir dos 65 anos), as pessoas com deficiência ou incapacidade de
  qualquer idade, e os agregados familiares onde estes estejam inseridos. As encomendas
  podem ser feitas de segunda-feira a sábado (nesta semana da Páscoa só até quinta-feira)
  pelo telefone 291 214 083, no período das 9h às 12h, ou através do email mercadoemcasa@cm-funchal.pt,
  por exemplo, no caso da encomenda ser feita por terceiros. No ato da encomenda,
  quem fizer o pedido tem de indicar nome completo, idade, morada exata, contacto
  telefónico e NIF.


  As entregas são feitas diariamente, por ordem de chegada, até às 13h, e ainda que
  tal fique sujeito ao número de pedidos, tem sido possível entregar as encomendas
  em casa das pessoas no próprio dia. O fornecimento dos produtos é assegurado pelos
  comerciantes no ativo, de forma rotativa.'
Telefone: 291 214 083
location: 32.650296 -16.908027 0 0
</yamldata></pre>",open
https://github.com/emergenzeHack/covid19pt_issues/issues/35,598011166,2020-04-10 17:51:27,2020-04-10 17:49:57,#Madeira IASaúde linha de apoio psicológico 219 212 399,32.64948,-16.910922,,,"[""accepted"", ""form"", ""psychological support"", ""public solidarity services and initiatives"", ""useful contacts""]",,,"{""Finalidade"": ""O IASa\u00fade passa a disponibilizar uma linha de apoio psicol\u00f3gico para dar resposta \u00e0s quest\u00f5es que possam surgir devido ao isolamento imposto pelas medidas de restri\u00e7\u00e3o ao surto de Covid-19.\n\nAssim, todos os cidad\u00e3os que necessitem deste tipo de ajuda podem doravante ligar para o n\u00famero 219 212 399, dispon\u00edvel todos os dias 9 \u00e0s 21 horas."", ""Link"": ""https://www.dnoticias.pt/madeira/iasaude-disponibiliza-linha-de-apoio-psicologico-EC6037767?utm_source=twitter&utm_medium=twitter#"", ""Nome"": ""#Madeira IASa\u00fade"", ""Notas_Legais"": ""OK"", ""Telefone"": ""219 212 399"", ""location"": ""32.64948 -16.910922 0 0""}","<pre><yamldata>
Finalidade: 'O IASaúde passa a disponibilizar uma linha de apoio psicológico para
  dar resposta às questões que possam surgir devido ao isolamento imposto pelas medidas
  de restrição ao surto de Covid-19.


  Assim, todos os cidadãos que necessitem deste tipo de ajuda podem doravante ligar
  para o número 219 212 399, disponível todos os dias 9 às 21 horas.'
Link: https://www.dnoticias.pt/madeira/iasaude-disponibiliza-linha-de-apoio-psicologico-EC6037767?utm_source=twitter&utm_medium=twitter#
Nome: '#Madeira IASaúde'
Notas_Legais: OK
Telefone: 219 212 399
location: 32.64948 -16.910922 0 0
</yamldata></pre>",open
https://github.com/emergenzeHack/covid19pt_issues/issues/34,596779016,2020-04-08 18:41:45,2020-04-08 18:40:10,"Banco Alimentar, doação de alimentos online #Portugal",38.707174,-9.173171,,,"[""accepted"", ""bulletin"", ""donations"", ""form"", ""goods donation and services offering"", ""goods donations and services offering"", ""private solidarity services and initiatives""]",,,"{""Descricao"": ""Em resposta \u00e0 situa\u00e7\u00e3o de emerg\u00eancia que se vive atualmente, e para que a Rede de Emerg\u00eancia Alimentar possa chegar a mais pessoas o site www.alimentestaideia.pt permite a doa\u00e7\u00e3o de alimentos. Os bens doados ser\u00e3o usados para refor\u00e7o dos cabazes entregues \u00e0s fam\u00edlias de acordo com os crit\u00e9rios do Banco Alimentar de cada regi\u00e3o e em fun\u00e7\u00e3o das entidades registadas na Rede de Emerg\u00eancia Alimenta."", ""Destinatarios"": ""Popula\u00e7\u00e3o mais pobre"", ""Link"": ""https://www.bancoalimentar.pt/quem-somos/pagina-noticias/noticias-federacao/alimentestaideia/"", ""Notas_Legais"": ""OK"", ""O_que"": ""Canal de doa\u00e7\u00f5es online, para permitir a doa\u00e7\u00e3o de alimentos"", ""location"": ""38.707174 -9.173171 0 0""}","<pre><yamldata>
Descricao: Em resposta à situação de emergência que se vive atualmente, e para que
  a Rede de Emergência Alimentar possa chegar a mais pessoas o site www.alimentestaideia.pt
  permite a doação de alimentos. Os bens doados serão usados para reforço dos cabazes
  entregues às famílias de acordo com os critérios do Banco Alimentar de cada região
  e em função das entidades registadas na Rede de Emergência Alimenta.
Destinatarios: População mais pobre
Link: https://www.bancoalimentar.pt/quem-somos/pagina-noticias/noticias-federacao/alimentestaideia/
Notas_Legais: OK
O_que: Canal de doações online, para permitir a doação de alimentos
location: 38.707174 -9.173171 0 0
</yamldata></pre>",open
https://github.com/emergenzeHack/covid19pt_issues/issues/33,596772269,2020-04-08 18:31:16,2020-04-08 18:27:51,"Bom vizinho #Madeira plataforma para angariar voluntár, Professores e Psicólogos",32.743509,-17.00278,,,"[""accepted"", ""deliveries and services"", ""e-learning"", ""entrega"", ""form"", ""games and activities for children"", ""private solidarity services and initiatives"", ""psychological support"", ""solidarity initiatives""]",,,"{""Destinatarios"": ""comunidade madeirense"", ""Link"": ""https://www.bomvizinho-madeira.pt/"", ""Notas_Legais"": ""OK"", ""O_que"": ""Esta \u00e9 uma plataforma sem fins lucrativos que apenas pretende angariar volunt\u00e1rios para que estes se disponibilizam a ir \u00e0s Farm\u00e1cias e Supermercados e desta forma ajudar a comunidade madeirense, nesta altura t\u00e3o critica em que todos estamos a viver, por causa da pandemia do Covid-10.\n\nOutro do foco \u00e9 conseguir que Professores e Psic\u00f3logos tamb\u00e9m possam dar o seu contributo, igualmente como volunt\u00e1rios."", ""Oferente"": ""angariar volunt\u00e1rios para que estes se disponibilizam a ir \u00e0s Farm\u00e1cias e Supermercados"", ""Tipo_de_entidade"": ""privado"", ""Tipo_de_iniciativa"": ""solidariedade"", ""Titulo"": ""Bom vizinho Madeira"", ""location"": ""32.743509 -17.00278 0 0""}","<pre><yamldata>
Destinatarios: comunidade madeirense
Link: https://www.bomvizinho-madeira.pt/
Notas_Legais: OK
O_que: 'Esta é uma plataforma sem fins lucrativos que apenas pretende angariar voluntários
  para que estes se disponibilizam a ir às Farmácias e Supermercados e desta forma
  ajudar a comunidade madeirense, nesta altura tão critica em que todos estamos a
  viver, por causa da pandemia do Covid-10.


  Outro do foco é conseguir que Professores e Psicólogos também possam dar o seu contributo,
  igualmente como voluntários.'
Oferente: angariar voluntários para que estes se disponibilizam a ir às Farmácias
  e Supermercados
Tipo_de_entidade: privado
Tipo_de_iniciativa: solidariedade
Titulo: Bom vizinho Madeira
location: 32.743509 -17.00278 0 0
</yamldata></pre>",open
https://github.com/emergenzeHack/covid19pt_issues/issues/32,596767331,2020-04-08 18:22:11,2020-04-08 18:18:32,Sebenta da Quarentena - atividades para ajudar os idosos a ocupar o tempo,,,,,"[""Missing position"", ""accepted"", ""bulletin"", ""cultural activities and leisure"", ""form"", ""private solidarity services and initiatives"", ""solidarity initiatives""]",,,"{""Destinatarios"": ""idosos"", ""Link"": ""https://sebentadaquarentena.com/"", ""Notas_Legais"": ""OK"", ""O_que"": ""A Sebenta da Quarentena \u00e9 um caderno de atividades, feito por 40 artistas portugueses, que quer ajudar os mais velhos a ocupar o tempo. Est\u00e1 dispon\u00edvel online de forma gratuita e j\u00e1 come\u00e7ou a ser distribu\u00edda pelas juntas de freguesia"", ""Oferente"": ""caderno de atividades para ajudar os mais velhos a ocupar o tempo"", ""Tipo_de_iniciativa"": ""cultural-recre"", ""Titulo"": ""Sebenta da Quarentena""}","<pre><yamldata>
Destinatarios: idosos
Link: https://sebentadaquarentena.com/
Notas_Legais: OK
O_que: A Sebenta da Quarentena é um caderno de atividades, feito por 40 artistas portugueses,
  que quer ajudar os mais velhos a ocupar o tempo. Está disponível online de forma
  gratuita e já começou a ser distribuída pelas juntas de freguesia
Oferente: caderno de atividades para ajudar os mais velhos a ocupar o tempo
Tipo_de_iniciativa: cultural-recre
Titulo: Sebenta da Quarentena
</yamldata></pre>",open
https://github.com/emergenzeHack/covid19pt_issues/issues/31,596411104,2020-04-08 09:02:58,2020-04-08 08:43:32,#Madeira #Funchal venda itinerante de fruta e legumes pelo concelho,32.650198,-16.908261,,,"[""accepted"", ""deliveries and services"", ""entrega"", ""form""]",,,"{""Link"": ""http://www.cm-funchal.pt/pt/not%C3%ADciaspt/7096-a-c%C3%A2mara-municipal-do-funchal-promove,-a-partir-desta-quarta-feira,-dia-8-de-abril,-a-venda-itinerante-de-fruta-e-legumes-pelo-concelho,-em-mais-uma-medida-no-sentido-de-apoiar-os-agricultores-regionais-a-escoar-os-seus-produtos-nesta-altura-de-crise.html"", ""Nome_do_negocio"": ""C\u00e2mara Municipal do #Funchal - comerciantes fruta e legumes"", ""Notas_Legais"": ""OK"", ""O_que"": ""Covid-19: Funchal promove venda itinerante de fruta e legumes pelo concelho\nA partir desta quarta-feira, dia 8 de abril, pelo menos 10 comerciantes v\u00e3o circular pela cidade num meio m\u00f3vel de comercializa\u00e7\u00e3o que estar\u00e1 devidamente identificado com a imagem do projeto."", ""location"": ""32.650198 -16.908261 0 0""}","<pre><yamldata>
Link: http://www.cm-funchal.pt/pt/not%C3%ADciaspt/7096-a-c%C3%A2mara-municipal-do-funchal-promove,-a-partir-desta-quarta-feira,-dia-8-de-abril,-a-venda-itinerante-de-fruta-e-legumes-pelo-concelho,-em-mais-uma-medida-no-sentido-de-apoiar-os-agricultores-regionais-a-escoar-os-seus-produtos-nesta-altura-de-crise.html
Nome_do_negocio: 'Câmara Municipal do #Funchal - comerciantes fruta e legumes'
Notas_Legais: OK
O_que: 'Covid-19: Funchal promove venda itinerante de fruta e legumes pelo concelho

  A partir desta quarta-feira, dia 8 de abril, pelo menos 10 comerciantes vão circular
  pela cidade num meio móvel de comercialização que estará devidamente identificado
  com a imagem do projeto.'
location: 32.650198 -16.908261 0 0
</yamldata></pre>",open
https://github.com/emergenzeHack/covid19pt_issues/issues/30,595312778,2020-04-06 18:04:33,2020-04-06 17:57:42,Rooms Against Covid - acomodações temporárias e gratuitas a profissionais de saúde #Braga,41.550222,-8.427683,,,"[""accepted"", ""donations"", ""form"", ""private solidarity services and initiatives"", ""solidarity initiatives""]",,,"{""Destinatarios"": ""profissionais de sa\u00fade que trabalham contra o Covid19, propriet\u00e1rios de alojamento"", ""Link"": ""https://www.roomsagainstcovid.com/"", ""Notas_Legais"": ""OK"", ""O_que"": ""Para apoiar as pessoas que est\u00e3o a trabalhar arduamente na linha de frente para mitigar o impacto do COVID-19, estamos a trabalhar com o objectivo de oferecer acomoda\u00e7\u00f5es tempor\u00e1rias e gratuitas a profissionais de sa\u00fade realocados"", ""Oferente"": ""Rooms Against Covid"", ""Tipo_de_iniciativa"": ""trabalho-empre"", ""Titulo"": ""Rooms Against Covid #Braga"", ""location"": ""41.550222 -8.427683 0 0""}","<pre><yamldata>
Destinatarios: profissionais de saúde que trabalham contra o Covid19, proprietários
  de alojamento
Link: https://www.roomsagainstcovid.com/
Notas_Legais: OK
O_que: Para apoiar as pessoas que estão a trabalhar arduamente na linha de frente
  para mitigar o impacto do COVID-19, estamos a trabalhar com o objectivo de oferecer
  acomodações temporárias e gratuitas a profissionais de saúde realocados
Oferente: Rooms Against Covid
Tipo_de_iniciativa: trabalho-empre
Titulo: 'Rooms Against Covid #Braga'
location: 41.550222 -8.427683 0 0
</yamldata></pre>",open
https://github.com/emergenzeHack/covid19pt_issues/issues/29,595311730,2020-04-06 18:03:37,2020-04-06 17:56:22,Rooms Against Covid - acomodações temporárias e gratuitas a profissionais de saúde #Coimbra,40.209229,-8.426085,,,"[""accepted"", ""donations"", ""form"", ""private solidarity services and initiatives"", ""solidarity initiatives""]",,,"{""Destinatarios"": ""profissionais de sa\u00fade que trabalham contra o Covid19, propriet\u00e1rios de alojamento"", ""Link"": ""https://www.roomsagainstcovid.com/"", ""Notas_Legais"": ""OK"", ""O_que"": ""Para apoiar as pessoas que est\u00e3o a trabalhar arduamente na linha de frente para mitigar o impacto do COVID-19, estamos a trabalhar com o objectivo de oferecer acomoda\u00e7\u00f5es tempor\u00e1rias e gratuitas a profissionais de sa\u00fade realocados"", ""Oferente"": ""Rooms Against Covid"", ""Tipo_de_iniciativa"": ""trabalho-empre"", ""Titulo"": ""Rooms Against Covid #Coimbra"", ""location"": ""40.209229 -8.426085 0 0""}","<pre><yamldata>
Destinatarios: profissionais de saúde que trabalham contra o Covid19, proprietários
  de alojamento
Link: https://www.roomsagainstcovid.com/
Notas_Legais: OK
O_que: Para apoiar as pessoas que estão a trabalhar arduamente na linha de frente
  para mitigar o impacto do COVID-19, estamos a trabalhar com o objectivo de oferecer
  acomodações temporárias e gratuitas a profissionais de saúde realocados
Oferente: Rooms Against Covid
Tipo_de_iniciativa: trabalho-empre
Titulo: 'Rooms Against Covid #Coimbra'
location: 40.209229 -8.426085 0 0
</yamldata></pre>",open
https://github.com/emergenzeHack/covid19pt_issues/issues/28,595310892,2020-04-06 18:03:00,2020-04-06 17:55:08,Rooms Against Covid - acomodações temporárias e gratuitas a profissionais de saúde #Faro,37.015969,-7.932923,,,"[""accepted"", ""donations"", ""form"", ""private solidarity services and initiatives"", ""solidarity initiatives""]",,,"{""Destinatarios"": ""profissionais de sa\u00fade que trabalham contra o Covid19, propriet\u00e1rios de alojamento"", ""Link"": ""https://www.roomsagainstcovid.com/"", ""Notas_Legais"": ""OK"", ""O_que"": ""Para apoiar as pessoas que est\u00e3o a trabalhar arduamente na linha de frente para mitigar o impacto do COVID-19, estamos a trabalhar com o objectivo de oferecer acomoda\u00e7\u00f5es tempor\u00e1rias e gratuitas a profissionais de sa\u00fade realocados"", ""Oferente"": ""Rooms Against Covid"", ""Tipo_de_iniciativa"": ""trabalho-empre"", ""Titulo"": ""Rooms Against Covid #Faro"", ""location"": ""37.015969 -7.932923 0 0""}","<pre><yamldata>
Destinatarios: profissionais de saúde que trabalham contra o Covid19, proprietários
  de alojamento
Link: https://www.roomsagainstcovid.com/
Notas_Legais: OK
O_que: Para apoiar as pessoas que estão a trabalhar arduamente na linha de frente
  para mitigar o impacto do COVID-19, estamos a trabalhar com o objectivo de oferecer
  acomodações temporárias e gratuitas a profissionais de saúde realocados
Oferente: Rooms Against Covid
Tipo_de_iniciativa: trabalho-empre
Titulo: 'Rooms Against Covid #Faro'
location: 37.015969 -7.932923 0 0
</yamldata></pre>",open
https://github.com/emergenzeHack/covid19pt_issues/issues/27,595309472,2020-04-06 18:02:06,2020-04-06 17:52:57,Rooms Against Covid - acomodações temporárias e gratuitas a profissionais de saúde #Funchal,32.648499,-16.910384,,,"[""accepted"", ""donations"", ""form"", ""private solidarity services and initiatives"", ""solidarity initiatives""]",,,"{""Destinatarios"": ""profissionais de sa\u00fade que trabalham contra o Covid19, propriet\u00e1rios de alojamento"", ""Link"": ""https://www.roomsagainstcovid.com/"", ""Notas_Legais"": ""OK"", ""O_que"": ""Para apoiar as pessoas que est\u00e3o a trabalhar arduamente na linha de frente para mitigar o impacto do COVID-19, estamos a trabalhar com o objectivo de oferecer acomoda\u00e7\u00f5es tempor\u00e1rias e gratuitas a profissionais de sa\u00fade realocados"", ""Oferente"": ""Rooms Against Covid"", ""Tipo_de_iniciativa"": ""trabalho-empre"", ""Titulo"": ""Rooms Against Covid"", ""location"": ""32.648499 -16.910384 0 0""}","<pre><yamldata>
Destinatarios: profissionais de saúde que trabalham contra o Covid19, proprietários
  de alojamento
Link: https://www.roomsagainstcovid.com/
Notas_Legais: OK
O_que: Para apoiar as pessoas que estão a trabalhar arduamente na linha de frente
  para mitigar o impacto do COVID-19, estamos a trabalhar com o objectivo de oferecer
  acomodações temporárias e gratuitas a profissionais de saúde realocados
Oferente: Rooms Against Covid
Tipo_de_iniciativa: trabalho-empre
Titulo: Rooms Against Covid
location: 32.648499 -16.910384 0 0
</yamldata></pre>",open
https://github.com/emergenzeHack/covid19pt_issues/issues/26,595308535,2020-04-06 18:01:04,2020-04-06 17:51:39,Rooms Against Covid - acomodações temporárias e gratuitas a profissionais de saúde #Porto,41.152614,-8.61371,,,"[""accepted"", ""donations"", ""form"", ""private solidarity services and initiatives"", ""solidarity initiatives""]",,,"{""Destinatarios"": ""profissionais de sa\u00fade que trabalham contra o Covid19, propriet\u00e1rios de alojamento"", ""Link"": ""https://www.roomsagainstcovid.com/"", ""Notas_Legais"": ""OK"", ""O_que"": ""Para apoiar as pessoas que est\u00e3o a trabalhar arduamente na linha de frente para mitigar o impacto do COVID-19, estamos a trabalhar com o objectivo de oferecer acomoda\u00e7\u00f5es tempor\u00e1rias e gratuitas a profissionais de sa\u00fade realocados"", ""Oferente"": ""Rooms Against Covid"", ""Tipo_de_iniciativa"": ""trabalho-empre"", ""Titulo"": ""Rooms Against Covid"", ""location"": ""41.152614 -8.61371 0 0""}","<pre><yamldata>
Destinatarios: profissionais de saúde que trabalham contra o Covid19, proprietários
  de alojamento
Link: https://www.roomsagainstcovid.com/
Notas_Legais: OK
O_que: Para apoiar as pessoas que estão a trabalhar arduamente na linha de frente
  para mitigar o impacto do COVID-19, estamos a trabalhar com o objectivo de oferecer
  acomodações temporárias e gratuitas a profissionais de saúde realocados
Oferente: Rooms Against Covid
Tipo_de_iniciativa: trabalho-empre
Titulo: Rooms Against Covid
location: 41.152614 -8.61371 0 0
</yamldata></pre>",open
https://github.com/emergenzeHack/covid19pt_issues/issues/25,595307459,2020-04-06 17:59:58,2020-04-06 17:50:03,Rooms Against Covid - acomodações temporárias e gratuitas a profissionais de saúde #Lisboa,38.720625,-9.137685,,,"[""accepted"", ""donations"", ""form"", ""private solidarity services and initiatives"", ""solidarity initiatives""]",,,"{""Destinatarios"": ""profissionais de sa\u00fade que trabalham contra o Covid19, propriet\u00e1rios de alojamento"", ""Link"": ""https://www.roomsagainstcovid.com/"", ""Notas_Legais"": ""OK"", ""O_que"": ""Para apoiar as pessoas que est\u00e3o a trabalhar arduamente na linha de frente para mitigar o impacto do COVID-19, estamos a trabalhar com o objectivo de oferecer acomoda\u00e7\u00f5es tempor\u00e1rias e gratuitas a profissionais de sa\u00fade realocados"", ""Oferente"": ""Rooms Against Covid"", ""Tipo_de_iniciativa"": ""trabalho-empre"", ""Titulo"": ""Rooms Against Covid"", ""location"": ""38.720625 -9.137685 0 0""}","<pre><yamldata>
Destinatarios: profissionais de saúde que trabalham contra o Covid19, proprietários
  de alojamento
Link: https://www.roomsagainstcovid.com/
Notas_Legais: OK
O_que: Para apoiar as pessoas que estão a trabalhar arduamente na linha de frente
  para mitigar o impacto do COVID-19, estamos a trabalhar com o objectivo de oferecer
  acomodações temporárias e gratuitas a profissionais de saúde realocados
Oferente: Rooms Against Covid
Tipo_de_iniciativa: trabalho-empre
Titulo: Rooms Against Covid
location: 38.720625 -9.137685 0 0
</yamldata></pre>",open
https://github.com/emergenzeHack/covid19pt_issues/issues/24,595278660,2020-04-06 17:12:13,2020-04-06 17:06:24,acalma.online: Apoio psicológico gratuito online #Portugal,,,,,"[""Missing position"", ""accepted"", ""form"", ""private solidarity services and initiatives"", ""psychological support"", ""solidarity initiatives""]",,,"{""Destinatarios"": ""todos"", ""Link"": ""https://acalma.online/"", ""Notas_Legais"": ""OK"", ""O_que"": ""O acalma.online \u00e9 um projeto portugu\u00eas de apoio psicol\u00f3gico gratuito online, promovido pela Casa do Impacto no \u00e2mbito do movimento Tech4covid19, com o apoio das Startups de Impacto ZenKlub, Doctorino e Hug-a-Group e em parceria com a WithCompany e a DoctorSpin.\n\nA plataforma tem como objetivos basilares a promo\u00e7\u00e3o do al\u00edvio imediato do impacto psicol\u00f3gico da crise criada pelo COVID-19 e o apoio ao desenvolvimento de compet\u00eancias psicol\u00f3gicas para lidar com os desafios decorrentes da atual pandemia, e conta com profissionais de Psicologia Cl\u00ednica devidamente treinados para o efeito."", ""Oferente"": ""acalma.online"", ""Tipo_de_entidade"": ""privado"", ""Tipo_de_iniciativa"": ""solidariedade"", ""Titulo"": ""O acalma.online""}","<pre><yamldata>
Destinatarios: todos
Link: https://acalma.online/
Notas_Legais: OK
O_que: 'O acalma.online é um projeto português de apoio psicológico gratuito online,
  promovido pela Casa do Impacto no âmbito do movimento Tech4covid19, com o apoio
  das Startups de Impacto ZenKlub, Doctorino e Hug-a-Group e em parceria com a WithCompany
  e a DoctorSpin.


  A plataforma tem como objetivos basilares a promoção do alívio imediato do impacto
  psicológico da crise criada pelo COVID-19 e o apoio ao desenvolvimento de competências
  psicológicas para lidar com os desafios decorrentes da atual pandemia, e conta com
  profissionais de Psicologia Clínica devidamente treinados para o efeito.'
Oferente: acalma.online
Tipo_de_entidade: privado
Tipo_de_iniciativa: solidariedade
Titulo: O acalma.online
</yamldata></pre>",open
https://github.com/emergenzeHack/covid19pt_issues/issues/23,594684571,2020-04-05 22:44:13,2020-04-05 22:34:30,Teia 19 Plataforma de conteúdos artísticos,,,,,"[""Missing position"", ""accepted"", ""cultural activities and leisure"", ""form"", ""private solidarity services and initiatives"", ""solidarity initiatives""]",,,"{""Destinatarios"": ""artistas e p\u00fablico"", ""Link"": ""https://www.facebook.com/Teia19/"", ""Notas_Legais"": ""OK"", ""O_que"": ""Um grupo informal com artistas e t\u00e9cnicos criou uma plataforma de conte\u00fados art\u00edsticos para disponibilizar \u2018online\u2019, apelando aos donativos do p\u00fablico no sentido de minimizar a aus\u00eancia de rendimentos dos artistas devido \u00e0 pandemia de covid-19.\nA primeira iniciativa realiza-se em 07 de abril e consiste num recital que faz parte da iniciativa mensal \u201cAs primas ter\u00e7as\u201d e vai incidir sobre os poetas de Am\u00e1lia."", ""Oferente"": ""plataforma de conte\u00fados art\u00edsticos para disponibilizar \u2018online\u2019, apelando aos donativos do p\u00fablico"", ""Tipo_de_iniciativa"": ""cultural-recre"", ""Titulo"": ""Teia 19""}","<pre><yamldata>
Destinatarios: artistas e público
Link: https://www.facebook.com/Teia19/
Notas_Legais: OK
O_que: 'Um grupo informal com artistas e técnicos criou uma plataforma de conteúdos
  artísticos para disponibilizar ‘online’, apelando aos donativos do público no sentido
  de minimizar a ausência de rendimentos dos artistas devido à pandemia de covid-19.

  A primeira iniciativa realiza-se em 07 de abril e consiste num recital que faz parte
  da iniciativa mensal “As primas terças” e vai incidir sobre os poetas de Amália.'
Oferente: plataforma de conteúdos artísticos para disponibilizar ‘online’, apelando
  aos donativos do público
Tipo_de_iniciativa: cultural-recre
Titulo: Teia 19
</yamldata></pre>",open
https://github.com/emergenzeHack/covid19pt_issues/issues/19,594550474,2020-04-06 00:38:41,2020-04-05 16:46:54,Migrants as residents [ENG],38.722299,-9.140003,,,"[""Missing position"", ""accepted"", ""foreigners"", ""form"", ""useful news""]",,,"{""Link"": ""https://uk.reuters.com/article/us-health-coronavirus-portugal/portugal-to-treat-migrants-as-residents-during-coronavirus-crisis-idUKKBN21F0N7"", ""Location"": ""38.722299 -9.140003 0 0"", ""Nome"": ""Migrants as residents [ENG]"", ""Notas_Legais"": ""OK"", ""O_que"": ""All foreigners in Portugal with pending applications will be treated as permanent residents until at least July 1, to ensure migrants have access to public services during the coronavirus outbreak.""}","<pre><yamldata>
Link: https://uk.reuters.com/article/us-health-coronavirus-portugal/portugal-to-treat-migrants-as-residents-during-coronavirus-crisis-idUKKBN21F0N7
Nome: Migrants as residents [ENG]
Notas_Legais: OK
O_que: All foreigners in Portugal with pending applications will be treated as permanent
  residents until at least July 1, to ensure migrants have access to public services
  during the coronavirus outbreak.
Location: 38.722299 -9.140003 0 0
</yamldata></pre>",open
https://github.com/emergenzeHack/covid19pt_issues/issues/15,594546731,2020-04-07 13:07:09,2020-04-05 16:38:23,Serviço Informativo Institucional COVID-19,,,,,"[""Missing position"", ""accepted"", ""form"", ""institutional sources"", ""useful contacts"", ""useful news""]",,,"{""Finalidade"": ""Servi\u00e7o Informativo Institucional COVID-19"", ""Nome"": ""Servi\u00e7o Nacional de Sa\u00fade - SNS"", ""Notas_Legais"": ""OK"", ""Telefone"": ""808 24 24 24""}","<pre><yamldata>
Finalidade: Serviço Informativo Institucional COVID-19
Nome: Serviço Nacional de Saúde - SNS
Notas_Legais: OK
Telefone: 808 24 24 24
</yamldata></pre>",open
https://github.com/emergenzeHack/covid19pt_issues/issues/14,594543131,2020-04-05 16:59:21,2020-04-05 16:30:25,Lista de empresas com entrega ao domicílio na #Madeira e #PortoSanto,32.659633,-16.925688,,,"[""accepted"", ""deliveries and services"", ""entrega"", ""form""]",,,"{""Email"": ""now@startupmadeira.eu"", ""Link"": ""https://startupmadeira.eu/pt/2020/03/19/ficaemcasa-servicos-e-entregas-em-casa/#"", ""Nome_do_negocio"": ""Startup Madeira"", ""Notas_Legais"": ""OK"", ""O_que"": ""Lista de empresas com entrega ao domic\u00edlio na Madeira e Porto Santo."", ""location"": ""32.659633 -16.925688 0 0""}","<pre><yamldata>
Email: now@startupmadeira.eu
Link: https://startupmadeira.eu/pt/2020/03/19/ficaemcasa-servicos-e-entregas-em-casa/#
Nome_do_negocio: Startup Madeira
Notas_Legais: OK
O_que: Lista de empresas com entrega ao domicílio na Madeira e Porto Santo.
location: 32.659633 -16.925688 0 0
</yamldata></pre>",open
https://github.com/emergenzeHack/covid19pt_issues/issues/12,594518609,2020-04-05 18:27:04,2020-04-05 15:37:22,CoFiq em Casa #Funchal #Madeira,32.650236,-16.908289,,,"[""accepted"", ""deliveries and services"", ""form"", ""solidarity initiatives"", ""solidarity services and initiatives""]",,,"{""Destinatarios"": ""grupos de risco"", ""Link"": ""https://www.facebook.com/pg/co.fiq.em.casa/about/?ref=page_internal"", ""Notas_Legais"": ""OK"", ""O_que"": ""Grupo de jovens volunt\u00e1rios que fazem as compras essenciais para os grupos de risco. S\u00f3 tens de dizer o que necessitas, eles compram e entregam na morada indicada, com os maiores cuidados poss\u00edveis. As entregas s\u00e3o feitas no Funchal (e arredores) e t\u00eam o limite de 50\u20ac por pedido Contactos: 963033182; 968292865; 968402293 e 961214958"", ""Oferente"": ""Compras e entregas em casa"", ""Tipo_de_entidade"": ""privato"", ""Tipo_de_iniciativa"": ""solidale"", ""Titulo"": ""CoFiq em Casa"", ""location"": ""32.650236 -16.908289 0 0""}","<pre><yamldata>
Destinatarios: grupos de risco
Link: https://www.facebook.com/pg/co.fiq.em.casa/about/?ref=page_internal
Notas_Legais: OK
O_que: 'Grupo de jovens voluntários que fazem as compras essenciais para os grupos
  de risco. Só tens de dizer o que necessitas, eles compram e entregam na morada indicada,
  com os maiores cuidados possíveis. As entregas são feitas no Funchal (e arredores)
  e têm o limite de 50€ por pedido Contactos: 963033182; 968292865; 968402293 e 961214958'
Oferente: Compras e entregas em casa
Tipo_de_entidade: privato
Tipo_de_iniciativa: solidale
Titulo: CoFiq em Casa
location: 32.650236 -16.908289 0 0
</yamldata></pre>",open
https://github.com/emergenzeHack/covid19pt_issues/issues/9,594506837,2020-04-06 18:07:30,2020-04-05 15:12:44,Inscrição na Rede Solidária de #Lisboa,38.749507,-9.150184,,,"[""accepted"", ""form"", ""support request""]",,,"{""Descricao"": ""Identifica\u00e7\u00e3o e organiza\u00e7\u00e3o de pessoas dispon\u00edveis para, num determinado per\u00edodo, realizar tarefas solid\u00e1rias junto dos setores mais vulner\u00e1veis da popula\u00e7\u00e3o.\nEstas tarefas v\u00e3o desde a realiza\u00e7\u00e3o de compras, \u00e0 entrega de refei\u00e7\u00f5es e/ou medicamentos, ao passeio de animais dom\u00e9sticos ou a outras formas de apoio como a preven\u00e7\u00e3o da vitima\u00e7\u00e3o.\nEst\u00e3o exclu\u00eddas desta rede todas as pessoas de grupo de risco. O munic\u00edpio fornecer\u00e1 o suporte de informa\u00e7\u00e3o necess\u00e1ria para que as tarefas sejam feitas em seguran\u00e7a e com o menor risco poss\u00edvel de cont\u00e1gio, garantindo distribui\u00e7\u00e3o de material de prote\u00e7\u00e3o a quem integre a rede solid\u00e1ria e desempenhe estas tarefas.\nO munic\u00edpio deve centralizar a recolha de recursos e, em articula\u00e7\u00e3o com as juntas de freguesia, operacionalizar a rede no terreno, conforme as necessidades da popula\u00e7\u00e3o.\nRespostas de Alojamento Provis\u00f3rio\nLisboa tem 4 espa\u00e7os dedicados ao apoio \u00e0s pessoas em situa\u00e7\u00e3o de sem-abrigo. Garantem seguran\u00e7a, seguindo as recomenda\u00e7\u00f5es da Dire\u00e7\u00e3o-geral de Sa\u00fade, t\u00eam equipas m\u00e9dicas e sociais a trabalhar e a acompanhar cada pessoa, e oferecem refei\u00e7\u00f5es quentes e higiene pessoal.\nToda a ajuda \u00e9 necess\u00e1ria neste momento. Ter\u00e1 acompanhamento e seguimento nas tarefas necess\u00e1rias de apoio \u00e0s pessoas em situa\u00e7\u00e3o de sem-abrigo."", ""Destinatarios"": ""pessoas idosas; pessoas com defici\u00eancia; pessoas suspeitas de covid-19 e em isolamento domicili\u00e1rio; pessoas em situa\u00e7\u00e3o de sem-abrigo."", ""Email"": ""balcaoparceriasocial@cm-lisboa.pt"", ""Link"": ""https://www.lisboa.pt/inscricao-na-rede-solidaria-de-lisboa"", ""Nome"": ""Camara Municipal de #Lisboa"", ""Notas_Legais"": ""OK"", ""O_que"": ""Inscri\u00e7\u00e3o na Rede Solid\u00e1ria de #Lisboa"", ""location"": ""38.749507 -9.150184 0 0""}","<pre><yamldata>
Descricao: 'Identificação e organização de pessoas disponíveis para, num determinado
período, realizar tarefas solidárias junto dos setores mais vulneráveis da população.

Estas tarefas vão desde a realização de compras, à entrega de refeições e/ou medicamentos,
ao passeio de animais domésticos ou a outras formas de apoio como a prevenção da
vitimação.

Estão excluídas desta rede todas as pessoas de grupo de risco. O município fornecerá
o suporte de informação necessária para que as tarefas sejam feitas em segurança
e com o menor risco possível de contágio, garantindo distribuição de material de
proteção a quem integre a rede solidária e desempenhe estas tarefas.

O município deve centralizar a recolha de recursos e, em articulação com as juntas
de freguesia, operacionalizar a rede no terreno, conforme as necessidades da população.

Respostas de Alojamento Provisório

Lisboa tem 4 espaços dedicados ao apoio às pessoas em situação de sem-abrigo. Garantem
segurança, seguindo as recomendações da Direção-geral de Saúde, têm equipas médicas
e sociais a trabalhar e a acompanhar cada pessoa, e oferecem refeições quentes e
higiene pessoal.

Toda a ajuda é necessária neste momento. Terá acompanhamento e seguimento nas tarefas
necessárias de apoio às pessoas em situação de sem-abrigo.'
Destinatarios: 'pessoas idosas; pessoas com deficiência; pessoas suspeitas de covid-19
e em isolamento domiciliário; pessoas em situação de sem-abrigo.'
Email: balcaoparceriasocial@cm-lisboa.pt
Link: https://www.lisboa.pt/inscricao-na-rede-solidaria-de-lisboa
Nome: 'Camara Municipal de #Lisboa'
Notas_Legais: OK
O_que: 'Inscrição na Rede Solidária de #Lisboa'
location: 38.749507 -9.150184 0 0
</yamldata></pre>",open
